date,closing,adjusted,evolution,quantity,volume
01/12/2022,41000,41000,174,16537,67815783
30/11/2022,40300,40300,-147,62881,2538545515
29/11/2022,40900,40900,-024,19363,792759465
28/11/2022,41000,41000,001,26033,10676550
25/11/2022,40995,40995,172,6136,2509855
24/11/2022,40300,40300,-049,6697,27053522
23/11/2022,40500,40500,037,5775,233706585
22/11/2022,40350,40350,062,6579,26531333
21/11/2022,40100,40100,-099,30762,12368395
17/11/2022,40500,40500,385,44065,1763801525
16/11/2022,39000,39000,180,25203,977397745
15/11/2022,38310,38310,135,37844,143990724
14/11/2022,37800,37800,134,9657,36266566
11/11/2022,37300,37300,027,150153,557649328
10/11/2022,37200,37200,-388,58537,222137339
09/11/2022,38700,38700,-021,46051,17886787
08/11/2022,38780,38780,-055,20028,77962931
07/11/2022,38995,38995,050,29622,1155273035
04/11/2022,38800,38800,-051,29869,1163840895
03/11/2022,39000,39000,000,2903,11323672
02/11/2022,39000,39000,000,4411,17212059
01/11/2022,39000,39000,130,19185,748127675
31/10/2022,38500,38500,-131,28062,108902429
28/10/2022,39010,39010,003,13169,51362458
27/10/2022,39000,39000,386,10229,39411779
26/10/2022,37550,37550,-494,38644,145937794
25/10/2022,39500,39500,127,27611,1089509295
24/10/2022,39005,39005,-200,3432,13426356
21/10/2022,39800,39800,-025,12569,50125347
20/10/2022,39900,39900,-221,34849,139396444
19/10/2022,40800,40800,049,31888,1299990415
18/10/2022,40600,40600,-147,3071,12538378
17/10/2022,41205,41205,024,12979,533975055
14/10/2022,41105,41105,-190,62183,2567676255
13/10/2022,41900,41900,-118,13952,5847391
12/10/2022,42400,42400,-117,24404,103613171
11/10/2022,42900,42900,166,21851,929731775
07/10/2022,42200,42200,024,11875,50089874
06/10/2022,42100,42100,024,10388,4373580
05/10/2022,42000,42000,107,8855,372053875
04/10/2022,41555,41555,008,67599,2805944145
03/10/2022,41520,41520,-231,2014,841014
30/09/2022,42500,42500,095,187113,7939410475
29/09/2022,42100,42100,-094,47621,20020312
28/09/2022,42500,42500,-297,111012,472093246
27/09/2022,43800,43800,-057,354197,1560526168
26/09/2022,44050,44050,000,51924,228777009
23/09/2022,44050,44050,-033,37179,163768213
22/09/2022,44195,44195,067,34561,1522621685
21/09/2022,43900,43900,-018,3203,13944415
20/09/2022,43980,43980,041,8811,38586424
19/09/2022,43800,43800,-068,7039,3083083
16/09/2022,44100,44100,068,30502,13366277
15/09/2022,43800,43800,000,419,183324
14/09/2022,43800,43800,000,7622,3337886
13/09/2022,43800,43800,069,42701,18660962
12/09/2022,43500,43500,-046,1600,69498435
09/09/2022,43700,43700,102,103209,4508425705
08/09/2022,43260,43260,-067,5175,22507338
07/09/2022,43550,43550,011,5194,225925495
06/09/2022,43500,43500,067,2941,12757467
05/09/2022,43210,43210,-067,24936,107501572
02/09/2022,43500,43500,069,1910,8400852
01/09/2022,43200,43200,-103,830,35859625
31/08/2022,43650,43650,031,12502,54549596
30/08/2022,43515,43515,-110,14575,64093686
29/08/2022,44000,44000,000,3614,15901483
26/08/2022,44000,44000,000,15159,66687675
25/08/2022,44000,44000,023,1672,72892405
24/08/2022,43900,43900,-013,2863,12396649
23/08/2022,43955,43955,024,21981,96549893
22/08/2022,43850,43850,-146,12273,54144925
19/08/2022,44500,44500,034,11034,4889606
18/08/2022,44350,44350,-100,14888,663823705
17/08/2022,44800,44800,-047,19085,85883897
16/08/2022,45010,45010,047,14134,63603397
15/08/2022,44800,44800,043,11135,498321515
12/08/2022,44610,44610,116,17161,764918385
11/08/2022,44100,44100,068,19513,861301285
10/08/2022,43800,43800,046,30483,133412907
09/08/2022,43600,43600,058,28253,123043499
08/08/2022,43350,43350,076,764,329735
05/08/2022,43025,43025,029,25277,10847951
04/08/2022,42900,42900,046,28771,12341386
03/08/2022,42705,42705,-045,19727,84558618
02/08/2022,42900,42900,023,18679,80091505
01/08/2022,42800,42800,-047,24439,1050707675
29/07/2022,43000,43000,-092,16090,69183606
28/07/2022,43400,43400,181,238,102055
27/07/2022,42630,42630,-166,289,12347415
26/07/2022,43350,43350,176,43854,189879515
25/07/2022,42600,42600,-207,9880,421602545
22/07/2022,43500,43500,000,10235,44510507
21/07/2022,43500,43500,-046,8038,349662365
20/07/2022,43700,43700,041,15342,66991928
19/07/2022,43520,43520,115,6074,26390863
18/07/2022,43025,43025,-086,9372,4026815
15/07/2022,43400,43400,164,11959,514299915
14/07/2022,42700,42700,-045,4841,20779732
13/07/2022,42895,42895,088,996,4233883
12/07/2022,42520,42520,002,24539,104319828
08/07/2022,42510,42510,005,51105,217246184
07/07/2022,42490,42490,239,19894,8440233
06/07/2022,41500,41500,122,49234,204324076
05/07/2022,41000,41000,-120,39503,16279685
04/07/2022,43000,43000,118,3238,139702575
01/07/2022,42500,42500,-082,30595,130346988
30/06/2022,42850,42850,-149,147229,631645846
29/06/2022,43500,43500,284,16628,7102291
28/06/2022,42300,42300,-048,163911,7028081085
27/06/2022,42505,42505,-229,168203,731437267
24/06/2022,43500,43500,235,7129,310109165
23/06/2022,42500,42500,-093,72054,307114835
22/06/2022,42900,42900,-138,231167,995010641
21/06/2022,43500,43500,045,104252,4515572885
20/06/2022,43305,43305,-045,2253,9765107
17/06/2022,43500,43500,-118,43951,191977758
16/06/2022,44020,44020,-195,21213,94116444
15/06/2022,44895,44895,321,108987,48734565
14/06/2022,43500,43500,-268,32711,14378692
13/06/2022,44700,44700,-175,7476,33508468
10/06/2022,45495,45495,064,11412,514031775
09/06/2022,45205,45205,-076,9400,426879205
08/06/2022,45550,45550,-098,6550,29744135
07/06/2022,46000,46000,110,84379,387582039
06/06/2022,45500,45500,089,40515,183180388
03/06/2022,45100,45100,045,126093,56778846
02/06/2022,44900,44900,201,19795,88167896
01/06/2022,44015,44015,084,5176,22918309
31/05/2022,43650,43650,034,29821,1298241795
30/05/2022,43500,43500,-023,4492,19549363
27/05/2022,43600,43600,-091,45920,2003628805
26/05/2022,44000,44000,080,567,2495042
25/05/2022,43650,43650,-080,13984,61257109
24/05/2022,44000,44000,-138,19880,88471887
23/05/2022,44615,44615,-086,7214,32286402
20/05/2022,45000,45000,000,103248,464537728
19/05/2022,45000,45000,090,46670,2098548855
18/05/2022,44600,44600,-089,3483,155437565
17/05/2022,45000,45000,045,3082,138694385
16/05/2022,44800,44800,067,13855,6203364
13/05/2022,44500,44500,114,16188,72029695
12/05/2022,44000,44000,-135,22682,1006714685
11/05/2022,44600,44600,022,13485,6042414
10/05/2022,44500,44500,-220,24091,107832074
09/05/2022,45500,45500,-162,26402,120755201
06/05/2022,46250,46250,-054,1225,5663804
05/05/2022,46500,46500,040,10882,50597919
04/05/2022,46315,46315,-041,726,33634445
29/04/2022,46505,46505,066,16101,74871959
28/04/2022,46200,46200,-032,1629,75181605
27/04/2022,46350,46350,030,1308,604740
26/04/2022,46210,46210,-126,32088,148848615
25/04/2022,46800,46800,000,10017,467657205
22/04/2022,46800,46800,041,10836,50638069
21/04/2022,46610,46610,-062,3692,172075575
20/04/2022,46900,46900,000,9309,434390165
19/04/2022,46900,46900,-011,27205,127408695
18/04/2022,46950,46950,-011,3224,150176815
15/04/2022,47000,47000,127,143767,674221588
14/04/2022,46410,46410,002,10383,483167515
13/04/2022,46400,46400,-024,5002,232864195
12/04/2022,46510,46510,-019,10009,46524311
11/04/2022,46600,46600,-043,649,3024286
08/04/2022,46800,46800,-021,55793,2606275325
07/04/2022,46900,46900,087,27042,125646652
06/04/2022,46495,46495,010,1187,54774545
05/04/2022,46450,46450,054,39329,1819341695
04/04/2022,46200,46200,043,39232,181005035
01/04/2022,46000,46000,000,22504,1035445765
31/03/2022,46000,46000,-001,3117,14332207
30/03/2022,46005,46005,111,43619,19976886
29/03/2022,45500,45500,165,19444,877803875
28/03/2022,44760,44760,049,24484,109306117
25/03/2022,44540,44540,072,26858,119665841
24/03/2022,44220,44220,-041,34896,1546791745
23/03/2022,44400,44400,-327,18278,815222085
22/03/2022,45900,45900,-043,7365,33905073
21/03/2022,46100,46100,-065,5496,25329145
18/03/2022,46400,46400,-292,47743,223374464
17/03/2022,47795,47795,413,15547,71860697
16/03/2022,45900,45900,155,16583,76035895
15/03/2022,45200,45200,000,17211,781200135
14/03/2022,45200,45200,044,1047,47315475
11/03/2022,45000,45000,000,42205,1920640255
10/03/2022,45000,45000,-217,25557,11571381
09/03/2022,46000,46000,110,24871,1146201085
08/03/2022,45500,45500,436,59434,2673307295
07/03/2022,43600,43600,-418,25466,1113033935
04/03/2022,45500,45500,-056,85608,389974376
03/03/2022,45755,45755,-265,40983,1878191455
02/03/2022,47000,47000,000,33615,1580516265
01/03/2022,47000,47000,-020,6318,29704108
28/02/2022,47095,47095,-043,12400,58590626
25/02/2022,47300,47300,390,6847,3187260
24/02/2022,45525,45525,-517,143807,6729911515
23/02/2022,48005,48005,043,413109,1971095131
22/02/2022,47800,47800,-109,59251,283974994
21/02/2022,48325,48325,-034,26705,1290453025
18/02/2022,48490,48490,066,14382,694554915
17/02/2022,48170,48170,023,4915,23648259
16/02/2022,48060,48060,013,13901,667382875
15/02/2022,48000,48000,-201,673830,3234584414
14/02/2022,48985,48985,-064,70323,34478082
11/02/2022,49300,49300,000,16404,809135745
10/02/2022,49300,49300,038,15073,74297071
09/02/2022,49115,49115,-079,17668,871226865
08/02/2022,49505,49505,000,7585,37543869
07/02/2022,49505,49505,-055,45826,227651395
04/02/2022,49780,49780,-004,35194,1751343525
03/02/2022,49800,49800,055,86617,4302021025
02/02/2022,49530,49530,024,45593,2254932855
01/02/2022,49410,49410,021,9360,46169769
31/01/2022,49305,49305,-017,14554,71703415
28/01/2022,49390,49390,-012,11892,586833485
27/01/2022,49450,49450,056,52320,257248643
26/01/2022,49175,49175,-009,4458,219187635
25/01/2022,49220,49220,004,50242,247384548
24/01/2022,49200,49200,-061,9908,48716568
21/01/2022,49500,49500,060,124183,61450805
20/01/2022,49205,49205,-003,12640,62194734
19/01/2022,49220,49220,-057,10377,511104895
18/01/2022,49500,49500,000,58754,291983742
17/01/2022,49500,49500,-060,36871,1825243665
14/01/2022,49800,49800,151,137083,6806204835
13/01/2022,49060,49060,-008,17055,83603197
12/01/2022,49100,49100,000,29687,145625193
10/01/2022,49100,49100,020,14000,68547508
07/01/2022,49000,49000,082,50513,2471756545
06/01/2022,48600,48600,081,187512,908818995
05/01/2022,48210,48210,031,32600,156871179
04/01/2022,48060,48060,002,21010,100968316
03/01/2022,48050,48050,-133,15261,73324192
31/12/2021,48700,48700,000,196610,9567485635
30/12/2021,48700,48700,041,31811,15380263
29/12/2021,48500,48500,041,27235,131629885
28/12/2021,48300,48300,064,6944989,331276048735
27/12/2021,47995,47995,-001,56930,27018103
24/12/2021,48000,48000,000,9354,4489909
23/12/2021,48000,48000,073,1164,5536922
22/12/2021,47650,47650,-073,11717,55832468
21/12/2021,48000,48000,041,37991,18254460
20/12/2021,47805,47805,-102,3774,18033392
17/12/2021,48300,48300,000,39863,192365625
16/12/2021,48300,48300,008,26949,130753175
15/12/2021,48260,48260,-019,18738,90318323
14/12/2021,48350,48350,029,26761,129908295
13/12/2021,48210,48210,-101,179949,877478409
10/12/2021,48700,48700,000,116646,56818997
09/12/2021,48700,48700,000,5675,2763515
08/12/2021,48700,48700,041,13345,6501249
07/12/2021,48500,48500,094,13410,6487943
06/12/2021,48050,48050,-152,45106,217779255
03/12/2021,48790,48790,039,12962,627376135
02/12/2021,48600,48600,125,26860,1288418775
01/12/2021,48000,48000,148,15818,75477103
30/11/2021,47300,47300,-021,111950,528895454
29/11/2021,47400,47400,-125,29808,140489737
26/11/2021,48000,48000,-153,43276,208088769
25/11/2021,48745,48745,-032,4362,21253116
24/11/2021,48900,48900,041,6560,32068986
23/11/2021,48700,48700,000,27541,134120853
22/11/2021,48700,48700,-006,10832,5275287
19/11/2021,48730,48730,086,12075,5871531
17/11/2021,48315,48315,043,45184,2183328695
16/11/2021,48110,48110,-070,7827,37749456
15/11/2021,48450,48450,-072,7643,37030335
12/11/2021,48800,48800,000,27414,133899062
11/11/2021,48800,48800,-041,16265,79416064
10/11/2021,49000,49000,-021,9020,442125405
09/11/2021,49105,49105,011,3625,17800536
08/11/2021,49050,49050,000,229,1140988
05/11/2021,49050,49050,-121,32899,161646214
04/11/2021,49650,49650,-050,23166,115192591
03/11/2021,49900,49900,008,29926,149500898
02/11/2021,49860,49860,029,8544,42593827
01/11/2021,49715,49715,143,28016,139113272
29/10/2021,49015,49015,-332,97762,483731774
28/10/2021,50700,50700,040,91724,463701775
27/10/2021,50500,50500,-098,40656,205303661
26/10/2021,51000,51000,241,119111,598726067
25/10/2021,49800,49800,061,29375,14608432
22/10/2021,49500,49500,-001,26811,13235876
21/10/2021,49505,49505,001,14259,705765425
18/10/2021,49500,49500,051,4504,222143325
15/10/2021,49250,49250,-040,51218,25212928
14/10/2021,49450,49450,090,68549,33669083
13/10/2021,49010,49010,022,27634,135103276
12/10/2021,48900,48900,000,10,4890
11/10/2021,48900,48900,-121,15362,75169815
08/10/2021,49500,49500,182,35308,1738155085
07/10/2021,48615,48615,003,37632,1829451755
06/10/2021,48600,48600,-032,30889,1502310025
05/10/2021,48755,48755,-050,4924,240689845
04/10/2021,49000,49000,-039,15956,77962019
01/10/2021,49190,49190,-063,38857,1901741665
30/09/2021,49500,49500,020,12023,594927365
29/09/2021,49400,49400,041,30012,14705884
28/09/2021,49200,49200,051,12082,5914331
27/09/2021,48950,48950,031,37313,1815481105
24/09/2021,48800,48800,000,128719,633177181
23/09/2021,48800,48800,165,49697,24109580
22/09/2021,48010,48010,002,31155,149549449
21/09/2021,48000,48000,031,32308,15465075
20/09/2021,47850,47850,-130,84056,40218815
17/09/2021,48480,48480,162,28341,1366387005
16/09/2021,47705,47705,001,18622,88629078
15/09/2021,47700,47700,010,18953,90025296
14/09/2021,47650,47650,031,18300,86961566
13/09/2021,47505,47505,001,28373,134745695
10/09/2021,47500,47500,-186,56054,2673539495
09/09/2021,48400,48400,254,209210,10041066415
08/09/2021,47200,47200,037,20616,97294884
07/09/2021,47025,47025,-037,11609,5460996
06/09/2021,47200,47200,-041,23042,1084650115
03/09/2021,47395,47395,127,29639,1399995615
02/09/2021,46800,46800,-021,3207,1500808
01/09/2021,46900,46900,-021,6688,3136432
31/08/2021,47000,47000,-167,61951,291447792
30/08/2021,47800,47800,042,13032,6245179
27/08/2021,47600,47600,128,43516,205879839
26/08/2021,47000,47000,064,46863,219894383
25/08/2021,46700,46700,-064,2687,125385695
24/08/2021,47000,47000,000,7326,34388814
23/08/2021,47000,47000,105,20888,97431871
19/08/2021,46510,46510,-041,11399,532550505
18/08/2021,46700,46700,-019,30241,14122498
17/08/2021,46790,46790,-002,12337,5756925
16/08/2021,46800,46800,-021,13662,6389673
13/08/2021,46900,46900,085,53719,249859773
12/08/2021,46505,46505,-063,10135,4713265
11/08/2021,46800,46800,130,55664,260462166
09/08/2021,46200,46200,-065,210,96892
06/08/2021,46500,46500,022,93624,4351190865
05/08/2021,46400,46400,075,25258,1170885575
04/08/2021,46055,46055,012,12073,55565323
03/08/2021,46000,46000,-086,78653,364939537
02/08/2021,46400,46400,311,20400,94245627
29/07/2021,45000,45000,142,2645,1189734
28/07/2021,44370,44370,-035,5302,2343432
27/07/2021,44525,44525,058,46069,204751407
26/07/2021,44270,44270,005,1849,8178804
23/07/2021,44250,44250,057,17198,76056045
20/07/2021,44000,44000,-059,13006,5741008
19/07/2021,44260,44260,011,14270,63151597
16/07/2021,44210,44210,024,33336,1471933465
15/07/2021,44105,44105,010,33644,148269436
14/07/2021,44060,44060,-009,34700,152899089
13/07/2021,44100,44100,-090,4116,1818320
12/07/2021,44500,44500,-016,15557,69065907
09/07/2021,44570,44570,017,36688,1630256535
08/07/2021,44495,44495,-024,11705,521505295
07/07/2021,44600,44600,136,28878,12817712
06/07/2021,44000,44000,-045,18215,80254704
05/07/2021,44200,44200,-156,46926,2101620135
02/07/2021,46000,46000,-043,38037,17481334
01/07/2021,46200,46200,065,98438,455292103
30/06/2021,45900,45900,-017,1489064,6835366406
29/06/2021,45980,45980,-026,13822,63609436
28/06/2021,46100,46100,022,845,3874343
25/06/2021,46000,46000,-022,270719,12479900095
24/06/2021,46100,46100,-043,23385,1081868955
23/06/2021,46300,46300,-032,5397,25021755
22/06/2021,46450,46450,000,36920,1715366905
21/06/2021,46450,46450,052,8293,38430175
18/06/2021,46210,46210,017,58081,268027421
17/06/2021,46130,46130,000,16505,76123234
16/06/2021,46130,46130,-055,54584,251923617
15/06/2021,46385,46385,-067,71708,334853196
14/06/2021,46700,46700,095,33845,157696349
11/06/2021,46260,46260,-033,56160,25947591
10/06/2021,46415,46415,047,46444,215273448
09/06/2021,46200,46200,-065,126301,5870735985
08/06/2021,46500,46500,043,40595,18875730
07/06/2021,46300,46300,011,8278,383512805
04/06/2021,46250,46250,-055,33478,155785435
03/06/2021,46505,46505,121,39796,184078513
02/06/2021,45950,45950,-004,20334,930181085
01/06/2021,45970,45970,126,24567,112069874
31/05/2021,45400,45400,-085,5714,25916325
28/05/2021,45790,45790,117,62248,281923097
27/05/2021,45260,45260,-053,39041,176580433
26/05/2021,45500,45500,083,669,3021912
25/05/2021,45125,45125,-095,7190,325406305
24/05/2021,45560,45560,-009,13707,62465976
21/05/2021,45600,45600,111,23970,109027492
20/05/2021,45100,45100,-222,26216,119217222
19/05/2021,46125,46125,115,26673,123073706
18/05/2021,45600,45600,042,19558,89075823
17/05/2021,45410,45410,180,165992,7495069055
12/05/2021,44605,44605,012,65587,292258076
11/05/2021,44550,44550,-036,21918,97570825
10/05/2021,44710,44710,006,14441,645157655
07/05/2021,44685,44685,040,85475,3811048165
06/05/2021,44505,44505,132,64312,285400546
05/05/2021,43925,43925,075,27954,122735353
04/05/2021,43600,43600,045,56788,24754686
03/05/2021,43405,43405,094,66430,2873606345
30/04/2021,43000,43000,035,52941,22755681
29/04/2021,42850,42850,-012,25478,109322635
28/04/2021,42900,42900,023,44641,191319963
27/04/2021,42800,42800,-023,19965,854428105
26/04/2021,42900,42900,-021,71377,3060069035
23/04/2021,42990,42990,092,22300,953001805
22/04/2021,42600,42600,000,3232,13771573
21/04/2021,42600,42600,-070,80512,34329314
20/04/2021,42900,42900,070,46766,20040415
19/04/2021,42600,42600,-023,20745,8857950
16/04/2021,42700,42700,071,37097,158298648
15/04/2021,42400,42400,-047,302,1278742
14/04/2021,42600,42600,024,21509,915618795
13/04/2021,42500,42500,-116,2512,10677196
12/04/2021,43000,43000,118,3150,135214125
09/04/2021,42500,42500,024,11761,49859627
08/04/2021,42400,42400,-024,11257,476209375
07/04/2021,42500,42500,000,5535,235229415
06/04/2021,42500,42500,-047,20672,88002798
05/04/2021,42700,42700,-091,15042,6415212
02/04/2021,43090,43090,021,8869,3812982
01/04/2021,43000,43000,205,68078,292113651
31/03/2021,42135,42135,-109,10934,46069059
30/03/2021,42600,42600,143,8485,35831516
29/03/2021,42000,42000,000,50786,21330120
26/03/2021,42000,42000,048,65869,276578136
25/03/2021,41800,41800,059,16501,68573996
24/03/2021,41555,41555,013,3460,14361824
23/03/2021,41500,41500,-072,40782,1694910405
22/03/2021,41800,41800,-021,15332,639989465
19/03/2021,41890,41890,093,19766,82801414
18/03/2021,41505,41505,-188,138769,5798861905
17/03/2021,42300,42300,049,65428,276603151
16/03/2021,42095,42095,056,19022,796271635
15/03/2021,41860,41860,-057,2744,11491378
12/03/2021,42100,42100,043,36414,15330363
11/03/2021,41920,41920,-007,11227,47041484
10/03/2021,41950,41950,000,11280,47310675
09/03/2021,41950,41950,060,9465,3967803
08/03/2021,41700,41700,-048,15242,638367465
05/03/2021,41900,41900,000,17316,72574441
04/03/2021,41900,41900,-024,18606,77949303
03/03/2021,42000,42000,-026,22000,92614775
02/03/2021,42110,42110,-092,8050,34068266
01/03/2021,42500,42500,107,92,387509
26/02/2021,42050,42050,060,95550,403624315
25/02/2021,41800,41800,072,32179,1328058255
24/02/2021,41500,41500,-120,46453,1910544725
23/02/2021,42005,42005,-107,12064,50743605
22/02/2021,42460,42460,-023,22656,962861035
19/02/2021,42560,42560,-095,12843,54669083
18/02/2021,42970,42970,108,786,3374939
17/02/2021,42510,42510,-082,80625,3465495855
16/02/2021,42860,42860,082,2061,8833453
15/02/2021,42510,42510,-065,7477,3179133
12/02/2021,42790,42790,033,5359,22965873
11/02/2021,42650,42650,083,23747,100117025
10/02/2021,42300,42300,-186,32189,1364357485
09/02/2021,43100,43100,-060,123280,53450594
08/02/2021,43360,43360,-021,52013,225551684
05/02/2021,43450,43450,-038,18588,80807682
04/02/2021,43615,43615,-065,5420,23664004
03/02/2021,43900,43900,-023,17399,76535955
02/02/2021,44000,44000,047,21062,92502361
01/02/2021,43795,43795,042,11877,51786303
29/01/2021,43610,43610,009,35035,153246017
28/01/2021,43570,43570,-120,14482,63167353
27/01/2021,44100,44100,-023,14150,62531795
26/01/2021,44200,44200,-067,38914,172836721
25/01/2021,44500,44500,183,36766,1630066935
22/01/2021,43700,43700,040,50272,21918361
21/01/2021,43525,43525,029,60504,26298234
20/01/2021,43400,43400,000,21232,92134539
19/01/2021,43400,43400,-069,46692,2025588955
18/01/2021,43700,43700,115,70291,3059102475
15/01/2021,43205,43205,117,88748,3827555415
14/01/2021,42705,42705,072,46335,1971913945
13/01/2021,42400,42400,001,7501,31713404
12/01/2021,42395,42395,094,71608,303246114
08/01/2021,42000,42000,-094,27701,117126874
07/01/2021,42400,42400,095,63979,271250081
06/01/2021,42000,42000,-094,18492,776547195
05/01/2021,42400,42400,018,4431,18792148
04/01/2021,43000,43000,159,28469,121554472
31/12/2020,42325,42325,000,18788,79540508
30/12/2020,43000,43000,000,107233,462258865
29/12/2020,43000,43000,023,56366,2420766975
28/12/2020,42900,42900,047,647024,2788323314
25/12/2020,42700,42700,-023,86808,37064037
24/12/2020,42800,42800,-095,59923,257226819
23/12/2020,43210,43210,073,32194,1391264165
22/12/2020,42895,42895,224,143388,606288494
21/12/2020,41955,41955,-399,81203,341406349
18/12/2020,43700,43700,-067,67766,297520661
17/12/2020,43995,43995,091,55847,24561208
16/12/2020,43600,43600,232,97916,423277738
15/12/2020,42610,42610,025,56552,240967975
14/12/2020,42505,42505,-048,27830,1186391745
11/12/2020,42710,42710,292,140960,5991641065
10/12/2020,41500,41500,-069,18860,7866824
09/12/2020,41790,41790,060,143549,6027199465
08/12/2020,41540,41540,083,10192,42321831
07/12/2020,41200,41200,050,3399,140041125
04/12/2020,40995,40995,072,23564,965178135
03/12/2020,40700,40700,035,132896,543294138
02/12/2020,40560,40560,-010,81542,3306594515
01/12/2020,40600,40600,-098,3751,152311345
30/11/2020,41000,41000,174,98047,400255239
27/11/2020,40300,40300,-171,13936,564324265
26/11/2020,41000,41000,-168,9095,376081375
25/11/2020,41700,41700,148,109681,454688529
24/11/2020,41090,41090,106,22626,92925116
23/11/2020,40660,40660,-002,8029,32933165
20/11/2020,40670,40670,299,162436,6626262375
19/11/2020,39490,39490,-028,44771,1776056965
17/11/2020,39600,39600,023,48921,1947581965
16/11/2020,39510,39510,131,96423,3804191585
13/11/2020,39000,39000,127,100639,3919164565
12/11/2020,38510,38510,003,20062,770794995
11/11/2020,38500,38500,-052,20417,78539375
10/11/2020,38700,38700,052,64383,2505658595
09/11/2020,38500,38500,252,129195,495079123
05/11/2020,37555,37555,005,9280,34832149
04/11/2020,37535,37535,-017,25506,9574530
03/11/2020,37600,37600,005,27072,101754933
02/11/2020,37580,37580,-058,10886,408549075
28/10/2020,37800,37800,-007,52207,197241328
27/10/2020,37825,37825,007,16104,60993189
26/10/2020,37800,37800,-051,4392,166491175
23/10/2020,37995,37995,077,33647,127744633
22/10/2020,37705,37705,055,21921,826906305
21/10/2020,37500,37500,108,2977,111550125
20/10/2020,37100,37100,009,2541,94118285
19/10/2020,37065,37065,-090,16507,61280337
16/10/2020,37400,37400,-132,29581,11078568
15/10/2020,37900,37900,-146,44265,1682958565
14/10/2020,38460,38460,336,86646,3301175955
13/10/2020,37210,37210,125,18168,672947985
12/10/2020,36750,36750,016,1008,37295625
09/10/2020,36690,36690,-084,680698,2498839289
08/10/2020,37000,37000,-040,3534,13078954
07/10/2020,37150,37150,068,59496,220439881
06/10/2020,36900,36900,216,57681,209097897
05/10/2020,36120,36120,132,66877,240167745
02/10/2020,35650,35650,-014,5411,192651365
01/10/2020,35700,35700,-020,25037,8938209
30/09/2020,35770,35770,119,614,2192358
29/09/2020,35350,35350,-042,5406,1913236
28/09/2020,35500,35500,085,515,182330
25/09/2020,35200,35200,057,18000,6333774
24/09/2020,35000,35000,-274,94702,332058027
23/09/2020,35985,35985,-004,31748,11428476
22/09/2020,36000,36000,000,27199,9791620
21/09/2020,36000,36000,053,21305,7669806
18/09/2020,35810,35810,084,13150,4708713
17/09/2020,35510,35510,-048,9353,33227887
16/09/2020,35680,35680,-086,10052,35921992
15/09/2020,35990,35990,-167,26482,9541252
14/09/2020,36600,36600,-107,42182,15491932
11/09/2020,36995,36995,053,49064,1814725275
10/09/2020,36800,36800,110,29489,108301276
09/09/2020,36400,36400,023,1151,4185095
08/09/2020,36315,36315,-159,1157,42033465
07/09/2020,36900,36900,114,1826,6716315
04/09/2020,36485,36485,-112,22262,817023195
03/09/2020,36900,36900,024,942,34577975
02/09/2020,36810,36810,-075,9571,35354461
01/09/2020,37090,37090,400,23566,8727438
31/08/2020,35665,35665,041,47210,1677624385
28/08/2020,35520,35520,-136,65137,2311829555
27/08/2020,36010,36010,-322,34987,1265539215
26/08/2020,37210,37210,-077,5798,2160540
25/08/2020,37500,37500,-095,22058,82751583
24/08/2020,37860,37860,-128,28081,106633295
19/08/2020,38350,38350,-026,3624,13896752
18/08/2020,38450,38450,-013,2969,114226715
17/08/2020,38500,38500,-054,23691,91142827
13/08/2020,38710,38710,-049,30831,11975152
12/08/2020,38900,38900,206,41767,1603980525
11/08/2020,38115,38115,004,56510,215819677
10/08/2020,38100,38100,133,18380,699287055
07/08/2020,37600,37600,031,22183,832069605
06/08/2020,37485,37485,098,8852,3316377
05/08/2020,37120,37120,032,15358,569682375
04/08/2020,37000,37000,134,18617,68661326
03/08/2020,36510,36510,-106,21831,80109555
29/07/2020,36900,36900,-024,48616,1787605665
28/07/2020,36990,36990,218,8849,32441711
27/07/2020,36200,36200,112,72442,2599863935
24/07/2020,35800,35800,070,41886,149912006
23/07/2020,35550,35550,014,11160,39689531
22/07/2020,35500,35500,-084,7674,27252005
21/07/2020,35800,35800,000,7607,272280275
20/07/2020,35800,35800,085,3110,1106292
17/07/2020,35500,35500,-056,3011,1070924
16/07/2020,35700,35700,054,23036,82242833
15/07/2020,35510,35510,059,11809,41917022
14/07/2020,35300,35300,043,111860,3939039595
13/07/2020,35150,35150,-014,438,15484715
10/07/2020,35200,35200,026,16362,57661908
09/07/2020,35110,35110,003,275,965641
08/07/2020,35100,35100,-003,1761,619610
07/07/2020,35110,35110,-040,59679,209120749
06/07/2020,35250,35250,-072,12455,43844041
03/07/2020,35505,35505,-055,20588,732560155
02/07/2020,35700,35700,000,6048,2157091
01/07/2020,35700,35700,028,6276,22373578
30/06/2020,35600,35600,140,173969,61657660
29/06/2020,35110,35110,029,17282,610554475
26/06/2020,35010,35010,-139,65370,2304902195
25/06/2020,35505,35505,-055,37859,1350802625
24/06/2020,35700,35700,-146,31395,1122757395
23/06/2020,36230,36230,-045,4704,170539825
22/06/2020,36395,36395,-001,5878,213852365
19/06/2020,36400,36400,-029,65147,237811538
18/06/2020,36505,36505,030,337650,12639219125
17/06/2020,36395,36395,399,79177,2881646915
16/06/2020,35000,35000,145,420545,14684455265
15/06/2020,34500,34500,088,109678,3780348955
12/06/2020,34200,34200,-087,41798,143651079
11/06/2020,34500,34500,-112,77074,2665357495
10/06/2020,34890,34890,-143,80593,2830009865
09/06/2020,35395,35395,-016,89053,3153822705
08/06/2020,35450,35450,100,29833,105738086
05/06/2020,35100,35100,029,22870,803463085
04/06/2020,35000,35000,034,18794,66077551
03/06/2020,34880,34880,-034,130924,458921591
02/06/2020,35000,35000,101,72813,2548717255
01/06/2020,34650,34650,043,48755,16884589
29/05/2020,34500,34500,000,98395,3386332325
28/05/2020,34500,34500,-282,61063,2149792105
27/05/2020,35500,35500,172,137895,484447077
26/05/2020,34900,34900,132,173541,6067547935
22/05/2020,34445,34445,131,202824,6996654435
21/05/2020,34000,34000,180,59926,203563043
20/05/2020,33400,33400,-179,20905,70281357
19/05/2020,34010,34010,-112,24409,839931875
18/05/2020,34395,34395,267,91619,313118528
15/05/2020,33500,33500,381,46809,156030213
14/05/2020,32270,32270,145,130727,4203524775
13/05/2020,31810,31810,-212,42477,136100779
12/05/2020,32500,32500,-342,136419,44483663
11/05/2020,33650,33650,-159,50874,172482416
08/05/2020,34195,34195,-118,126664,4297538275
07/05/2020,34605,34605,-070,23143,802376855
06/05/2020,34850,34850,-183,71823,2525164315
05/05/2020,35500,35500,000,190247,6754322525
04/05/2020,35500,35500,-034,944288,33521788775
30/04/2020,35620,35620,118,77185,2755463655
29/04/2020,35205,35205,103,242348,845839246
28/04/2020,34845,34845,400,28724,98917387
27/04/2020,33505,33505,153,28382,94699212
24/04/2020,33000,33000,123,34508,1136939365
23/04/2020,32600,32600,000,6548,21339637
22/04/2020,32600,32600,093,14397,47069283
21/04/2020,32300,32300,-259,79319,26029016
20/04/2020,33160,33160,011,21361,711280275
17/04/2020,33125,33125,-121,16348,541688345
16/04/2020,33530,33530,009,14312,48156114
15/04/2020,33500,33500,-176,45557,153152351
14/04/2020,34100,34100,000,30028,1024207425
13/04/2020,34100,34100,-084,3353,11394752
10/04/2020,34390,34390,026,44249,1522241265
09/04/2020,34300,34300,118,167693,5773052095
08/04/2020,33900,33900,389,88609,2956309745
07/04/2020,32630,32630,-399,124284,4068219335
06/04/2020,33985,33985,-400,26803,9142779
03/04/2020,35400,35400,-221,146263,522065814
02/04/2020,36200,36200,-215,64223,2339296355
01/04/2020,36995,36995,-052,4322,160001925
31/03/2020,37190,37190,000,9026,33795218
30/03/2020,37190,37190,000,77874,2896356475
27/03/2020,37190,37190,-161,47144,1756548825
26/03/2020,37800,37800,-256,29176,111367274
25/03/2020,38795,38795,-277,142938,5564373535
24/03/2020,39900,39900,061,182280,740206953
23/03/2020,39660,39660,400,156026,618795468
20/03/2020,38135,38135,400,275078,1048717558
19/03/2020,36670,36670,400,204824,7509271545
18/03/2020,35260,35260,-399,92098,324931613
17/03/2020,36725,36725,-400,106090,3897209805
16/03/2020,38255,38255,-999,129508,505042246
13/03/2020,42500,42500,119,116672,484459052
12/03/2020,42000,42000,-749,242687,1035175713
11/03/2020,45400,45400,-066,137032,6250728635
10/03/2020,45700,45700,623,127259,581141586
09/03/2020,43020,43020,-607,145702,624735743
06/03/2020,45800,45800,-378,93750,4373863045
05/03/2020,47600,47600,-021,100467,4782866225
04/03/2020,47700,47700,-141,52848,2532903445
03/03/2020,48380,48380,-246,47801,2327448365
02/03/2020,49600,49600,020,5641,27975585
28/02/2020,49500,49500,-237,163503,813584633
27/02/2020,50700,50700,000,0,0
26/02/2020,50700,50700,-078,38832,19806496
25/02/2020,51100,51100,018,66894,342340558
24/02/2020,51010,51010,002,13140,6696981
21/02/2020,51000,51000,119,415850,210273260
20/02/2020,50400,50400,080,41120,206663262
19/02/2020,50000,50000,000,1234,6108562
18/02/2020,50000,50000,000,31282,156412047
17/02/2020,50000,50000,-002,10776,5374400
14/02/2020,50010,50010,103,81573,4074770105
13/02/2020,49500,49500,247,3063,15133661
12/02/2020,48305,48305,004,2553,123322665
11/02/2020,48285,48285,-116,22517,108785682
10/02/2020,48850,48850,000,31519,153972395
07/02/2020,48850,48850,-111,133338,653137089
06/02/2020,49400,49400,-120,52421,259372541
05/02/2020,50000,50000,121,20775,103793209
04/02/2020,49400,49400,000,39257,193924394
03/02/2020,49400,49400,-198,6549,3240292
31/01/2020,50400,50400,120,66589,3338185285
30/01/2020,49800,49800,-040,52869,263287593
29/01/2020,50000,50000,-060,44574,223443785
28/01/2020,50300,50300,-040,31068,15671220
27/01/2020,50500,50500,-020,51028,257696865
24/01/2020,50600,50600,020,107846,545577773
23/01/2020,50500,50500,-039,65410,330569927
22/01/2020,50700,50700,080,130080,657832876
21/01/2020,50300,50300,002,24988,125478267
20/01/2020,50290,50290,078,6719,33726745
17/01/2020,49900,49900,-020,83774,4203711235
16/01/2020,50000,50000,041,60363,3013688955
15/01/2020,49795,49795,028,97600,4859767185
14/01/2020,49655,49655,069,7710,3815216
13/01/2020,49315,49315,-067,1827,90070855
10/01/2020,49650,49650,-049,361565,1799825055
09/01/2020,49895,49895,039,120485,601413608
08/01/2020,49700,49700,040,112770,560487594
07/01/2020,49500,49500,092,17848,87831035
06/01/2020,49050,49050,-090,21396,104932399
03/01/2020,49495,49495,101,26656,131123911
02/01/2020,49000,49000,-180,4770,2337300
